Date;OS;apiname;us-east-1;us-west-2;us-west-1;eu-west-1;ap-southeast-1;ap-northeast-1;ap-southeast-2;sa-east-1;
20121112;linux;m1.small ;0.065 ;0.065 ;0.09 ;0.085 ;0.085 ;0.092 ;0.085 ;0.115;
20121112;linux;m1.medium ;0.13 ;0.13 ;0.18 ;0.17 ;0.17 ;0.184 ;0.17 ;0.23;
20121112;linux;m1.large ;0.26 ;0.26 ;0.36 ;0.34 ;0.34 ;0.368 ;0.34 ;0.46;
20121112;linux;m1.xlarge ;0.52 ;0.52 ;0.72 ;0.68 ;0.68 ;0.736 ;0.68 ;0.92;
20121112;linux;m3.xlarge ;0.58 ; ; ; ; ; ; ;;
20121112;linux;m3.2xlarge ;1.16 ; ; ; ; ; ; ;;
20121112;linux;t1.micro ;0.02 ;0.02 ;0.025 ;0.02 ;0.02 ;0.027 ;0.02 ;0.027;
20121112;linux;m2.xlarge ;0.45 ;0.45 ;0.506 ;0.506 ;0.506 ;0.518 ;0.506 ;0.68;
20121112;linux;m2.2xlarge ;0.9 ;0.9 ;1.012 ;1.012 ;1.012 ;1.036 ;1.012 ;1.36;
20121112;linux;m2.4xlarge ;1.8 ;1.8 ;2.024 ;2.024 ;2.024 ;2.072 ;2.024 ;2.72;
20121112;linux;c1.medium ;0.165 ;0.165 ;0.186 ;0.186 ;0.186 ;0.19 ;0.186 ;0.23;
20121112;linux;c1.xlarge ;0.66 ;0.66 ;0.744 ;0.744 ;0.744 ;0.76 ;0.744 ;0.92;
20121112;linux;cc1.4xlarge ;1.3 ; ; ; ; ; ; ;;
20121112;linux;cc2.8xlarge ;2.4 ;2.4 ; ;2.7 ; ; ; ;;
20121112;linux;cg1.4xlarge ;2.1 ; ; ;2.36 ; ; ; ;;
20121112;linux;hi1.4xlarge ;3.1 ; ; ;3.41 ; ; ; ;;
20121112;mswin;m1.small ;0.115 ;0.115 ;0.125 ;0.115 ;0.115 ;0.115 ;0.115 ;0.15;
20121112;mswin;m1.medium ;0.23 ;0.23 ;0.25 ;0.23 ;0.23 ;0.23 ;0.23 ;0.3;
20121112;mswin;m1.large ;0.46 ;0.46 ;0.5 ;0.46 ;0.46 ;0.46 ;0.46 ;0.6;
20121112;mswin;m1.xlarge ;0.92 ;0.92 ;1 ;0.92 ;0.92 ;0.92 ;0.92 ;1.2;
20121112;mswin;m3.xlarge ;0.98 ; ; ; ; ; ; ;;
20121112;mswin;m3.2xlarge ;1.96 ; ; ; ; ; ; ;;
20121112;mswin;t1.micro ;0.02 ;0.02 ;0.035 ;0.035 ;0.02 ;0.035 ;0.02 ;0.037;
20121112;mswin;m2.xlarge ;0.57 ;0.57 ;0.626 ;0.57 ;0.57 ;0.57 ;0.57 ;0.8;
20121112;mswin;m2.2xlarge ;1.14 ;1.14 ;1.252 ;1.14 ;1.14 ;1.14 ;1.14 ;1.6;
20121112;mswin;m2.4xlarge ;2.28 ;2.28 ;2.504 ;2.28 ;2.28 ;2.28 ;2.28 ;3.2;
20121112;mswin;c1.medium ;0.285 ;0.285 ;0.306 ;0.285 ;0.285 ;0.285 ;0.285 ;0.35;
20121112;mswin;c1.xlarge ;1.14 ;1.14 ;1.224 ;1.14 ;1.14 ;1.14 ;1.14 ;1.4;
20121112;mswin;cc1.4xlarge ;1.61 ; ; ; ; ; ;;;
20121112;mswin;cc2.8xlarge ;2.97 ;2.97 ; ;2.97 ; ; ;;;
20121112;mswin;cg1.4xlarge ;2.6 ; ; ;2.6 ; ; ;;;
20121112;mswin;hi1.4xlarge ;3.58 ; ; ;3.58 ; ; ;;;
;;;;;;;;;;;
20121101;linux;m1.small ;0.065 ;0.065 ;0.09 ;0.085 ;0.085 ;0.092 ;;0.115;
20121101;linux;m1.medium ;0.13 ;0.13 ;0.18 ;0.17 ;0.17 ;0.184 ;;0.23;
20121101;linux;m1.large ;0.26 ;0.26 ;0.36 ;0.34 ;0.34 ;0.368 ;;0.46;
20121101;linux;m1.xlarge ;0.52 ;0.52 ;0.72 ;0.68 ;0.68 ;0.736 ;;0.92;
20121101;linux;m3.xlarge ;0.58 ; ; ; ; ; ;;;
20121101;linux;m3.2xlarge ;1.16 ; ; ; ; ; ;;;
20121101;linux;t1.micro ;0.02 ;0.02 ;0.025 ;0.02 ;0.02 ;0.027 ;;0.027;
20121101;linux;m2.xlarge ;0.45 ;0.45 ;0.506 ;0.506 ;0.506 ;0.518 ;;0.68;
20121101;linux;m2.2xlarge ;0.9 ;0.9 ;1.012 ;1.012 ;1.012 ;1.036 ;;1.36;
20121101;linux;m2.4xlarge ;1.8 ;1.8 ;2.024 ;2.024 ;2.024 ;2.072 ;;2.72;
20121101;linux;c1.medium ;0.165 ;0.165 ;0.186 ;0.186 ;0.186 ;0.19 ;;0.23;
20121101;linux;c1.xlarge ;0.66 ;0.66 ;0.744 ;0.744 ;0.744 ;0.76 ;;0.92;
20121101;linux;cc1.4xlarge ;1.3 ; ; ; ; ; ;;;
20121101;linux;cc2.8xlarge ;2.4 ;2.4 ; ;2.7 ; ; ;;;
20121101;linux;cg1.4xlarge ;2.1 ; ; ;2.36 ; ; ;;;
20121101;linux;hi1.4xlarge ;3.1 ; ; ;3.41 ; ; ;;;
20121101;mswin;m1.small ;0.115 ;0.115 ;0.125 ;0.115 ;0.115 ;0.115 ;;0.15;
20121101;mswin;m1.medium ;0.23 ;0.23 ;0.25 ;0.23 ;0.23 ;0.23 ;;0.3;
20121101;mswin;m1.large ;0.46 ;0.46 ;0.5 ;0.46 ;0.46 ;0.46 ;;0.6;
20121101;mswin;m1.xlarge ;0.92 ;0.92 ;1 ;0.92 ;0.92 ;0.92 ;;1.2;
20121101;mswin;m3.xlarge ;0.98 ; ; ; ; ; ;;;
20121101;mswin;m3.2xlarge ;1.96 ; ; ; ; ; ;;;
20121101;mswin;t1.micro ;0.02 ;0.02 ;0.035 ;0.035 ;0.02 ;0.035 ;;0.037;
20121101;mswin;m2.xlarge ;0.57 ;0.57 ;0.626 ;0.57 ;0.57 ;0.57 ;;0.8;
20121101;mswin;m2.2xlarge ;1.14 ;1.14 ;1.252 ;1.14 ;1.14 ;1.14 ;;1.6;
20121101;mswin;m2.4xlarge ;2.28 ;2.28 ;2.504 ;2.28 ;2.28 ;2.28 ;;3.2;
20121101;mswin;c1.medium ;0.285 ;0.285 ;0.306 ;0.285 ;0.285 ;0.285 ;;0.35;
20121101;mswin;c1.xlarge ;1.14 ;1.14 ;1.224 ;1.14 ;1.14 ;1.14 ;;1.4;
20121101;mswin;cc1.4xlarge ;1.61 ; ; ; ; ; ;;;
20121101;mswin;cc2.8xlarge ;2.97 ;2.97 ; ;2.97 ; ; ;;;
20121101;mswin;cg1.4xlarge ;2.6 ; ; ;2.6 ; ; ;;;
20121101;mswin;hi1.4xlarge ;3.58 ; ; ;3.58 ; ; ;;;
;;;;;;;;;;;
20120912;linux;m1.small ;0.08 ;0.08 ;0.09 ;0.085 ;0.085 ;0.092 ;;0.115;
20120912;linux;m1.medium ;0.16 ;0.16 ;0.18 ;0.17 ;0.17 ;0.184 ;;0.23;
20120912;linux;m1.large ;0.32 ;0.32 ;0.36 ;0.34 ;0.34 ;0.368 ;;0.46;
20120912;linux;m1.xlarge ;0.64 ;0.64 ;0.72 ;0.68 ;0.68 ;0.736 ;;0.92;
20120912;linux;t1.micro ;0.02 ;0.02 ;0.025 ;0.02 ;0.02 ;0.027 ;;0.027;
20120912;linux;m2.xlarge ;0.45 ;0.45 ;0.506 ;0.506 ;0.506 ;0.518 ;;0.68;
20120912;linux;m2.2xlarge ;0.9 ;0.9 ;1.012 ;1.012 ;1.012 ;1.036 ;;1.36;
20120912;linux;m2.4xlarge ;1.8 ;1.8 ;2.024 ;2.024 ;2.024 ;2.072 ;;2.72;
20120912;linux;c1.medium ;0.165 ;0.165 ;0.186 ;0.186 ;0.186 ;0.19 ;;0.23;
20120912;linux;c1.xlarge ;0.66 ;0.66 ;0.744 ;0.744 ;0.744 ;0.76 ;;0.92;
20120912;linux;cc1.4xlarge ;1.3 ; ; ; ; ; ;;;
20120912;linux;cc2.8xlarge ;2.4 ;2.4 ; ;2.7 ; ; ;;;
20120912;linux;cg1.4xlarge ;2.1 ; ; ;2.36 ; ; ;;;
20120912;linux;hi1.4xlarge ;3.1 ; ; ;3.41 ; ; ;;;
20120912;mswin;m1.small ;0.115 ;0.115 ;0.125 ;0.115 ;0.115 ;0.115 ;;0.15;
20120912;mswin;m1.medium ;0.23 ;0.23 ;0.25 ;0.23 ;0.23 ;0.23 ;;0.3;
20120912;mswin;m1.large ;0.46 ;0.46 ;0.5 ;0.46 ;0.46 ;0.46 ;;0.6;
20120912;mswin;m1.xlarge ;0.92 ;0.92 ;1 ;0.92 ;0.92 ;0.92 ;;1.2;
20120912;mswin;t1.micro ;0.02 ;0.02 ;0.035 ;0.035 ;0.02 ;0.035 ;;0.037;
20120912;mswin;m2.xlarge ;0.57 ;0.57 ;0.626 ;0.57 ;0.57 ;0.57 ;;0.8;
20120912;mswin;m2.2xlarge ;1.14 ;1.14 ;1.252 ;1.14 ;1.14 ;1.14 ;;1.6;
20120912;mswin;m2.4xlarge ;2.28 ;2.28 ;2.504 ;2.28 ;2.28 ;2.28 ;;3.2;
20120912;mswin;c1.medium ;0.285 ;0.285 ;0.306 ;0.285 ;0.285 ;0.285 ;;0.35;
20120912;mswin;c1.xlarge ;1.14 ;1.14 ;1.224 ;1.14 ;1.14 ;1.14 ;;1.4;
20120912;mswin;cc1.4xlarge ;1.61 ; ; ; ; ; ;;;
20120912;mswin;cc2.8xlarge ;2.97 ;2.97 ; ;2.97 ; ; ;;;
20120912;mswin;cg1.4xlarge ;2.6 ; ; ;2.6 ; ; ;;;
20120912;mswin;hi1.4xlarge ;3.58 ; ; ;3.58 ; ; ;;;
;;;;;;;;;;;
20120822;linux;m1.small ;0.08 ;0.08 ;0.09 ;0.085 ;0.085 ;0.092 ;;0.115;
20120822;linux;m1.medium ;0.16 ;0.16 ;0.18 ;0.17 ;0.17 ;0.184 ;;0.23;
20120822;linux;m1.large ;0.32 ;0.32 ;0.36 ;0.34 ;0.34 ;0.368 ;;0.46;
20120822;linux;m1.xlarge ;0.64 ;0.64 ;0.72 ;0.68 ;0.68 ;0.736 ;;0.92;
20120822;linux;t1.micro ;0.02 ;0.02 ;0.025 ;0.02 ;0.02 ;0.027 ;;0.027;
20120822;linux;m2.xlarge ;0.45 ;0.45 ;0.506 ;0.506 ;0.506 ;0.518 ;;0.68;
20120822;linux;m2.2xlarge ;0.9 ;0.9 ;1.012 ;1.012 ;1.012 ;1.036 ;;1.36;
20120822;linux;m2.4xlarge ;1.8 ;1.8 ;2.024 ;2.024 ;2.024 ;2.072 ;;2.72;
20120822;linux;c1.medium ;0.165 ;0.165 ;0.186 ;0.186 ;0.186 ;0.19 ;;0.23;
20120822;linux;c1.xlarge ;0.66 ;0.66 ;0.744 ;0.744 ;0.744 ;0.76 ;;0.92;
20120822;linux;cc1.4xlarge ;1.3 ; ; ; ; ; ;;;
20120822;linux;cc2.8xlarge ;2.4 ;2.4 ; ;2.7 ; ; ;;;
20120822;linux;cg1.4xlarge ;2.1 ; ; ;; ; ;;;
20120822;linux;hi1.4xlarge ;3.1 ; ; ;3.41 ; ; ;;;
20120822;mswin;m1.small ;0.115 ;0.115 ;0.125 ;0.115 ;0.115 ;0.115 ;;0.15;
20120822;mswin;m1.medium ;0.23 ;0.23 ;0.25 ;0.23 ;0.23 ;0.23 ;;0.3;
20120822;mswin;m1.large ;0.46 ;0.46 ;0.5 ;0.46 ;0.46 ;0.46 ;;0.6;
20120822;mswin;m1.xlarge ;0.92 ;0.92 ;1 ;0.92 ;0.92 ;0.92 ;;1.2;
20120822;mswin;t1.micro ;0.02 ;0.02 ;0.035 ;0.035 ;0.02 ;0.035 ;;0.037;
20120822;mswin;m2.xlarge ;0.57 ;0.57 ;0.626 ;0.57 ;0.57 ;0.57 ;;0.8;
20120822;mswin;m2.2xlarge ;1.14 ;1.14 ;1.252 ;1.14 ;1.14 ;1.14 ;;1.6;
20120822;mswin;m2.4xlarge ;2.28 ;2.28 ;2.504 ;2.28 ;2.28 ;2.28 ;;3.2;
20120822;mswin;c1.medium ;0.285 ;0.285 ;0.306 ;0.285 ;0.285 ;0.285 ;;0.35;
20120822;mswin;c1.xlarge ;1.14 ;1.14 ;1.224 ;1.14 ;1.14 ;1.14 ;;1.4;
20120822;mswin;cc1.4xlarge ;1.61 ; ; ; ; ; ;;;
20120822;mswin;cc2.8xlarge ;2.97 ;2.97 ; ;2.97 ; ; ;;;
20120822;mswin;cg1.4xlarge ;2.6 ; ; ;; ; ;;;
20120822;mswin;hi1.4xlarge ;3.58 ; ; ;3.58 ; ; ;;;
;;;;;;;;;;;
20120718;linux;m1.small ;0.08 ;0.08 ;0.09 ;0.085 ;0.085 ;0.092 ;;0.115;
20120718;linux;m1.medium ;0.16 ;0.16 ;0.18 ;0.17 ;0.17 ;0.184 ;;0.23;
20120718;linux;m1.large ;0.32 ;0.32 ;0.36 ;0.34 ;0.34 ;0.368 ;;0.46;
20120718;linux;m1.xlarge ;0.64 ;0.64 ;0.72 ;0.68 ;0.68 ;0.736 ;;0.92;
20120718;linux;t1.micro ;0.02 ;0.02 ;0.025 ;0.02 ;0.02 ;0.027 ;;0.027;
20120718;linux;m2.xlarge ;0.45 ;0.45 ;0.506 ;0.506 ;0.506 ;0.518 ;;0.68;
20120718;linux;m2.2xlarge ;0.9 ;0.9 ;1.012 ;1.012 ;1.012 ;1.036 ;;1.36;
20120718;linux;m2.4xlarge ;1.8 ;1.8 ;2.024 ;2.024 ;2.024 ;2.072 ;;2.72;
20120718;linux;c1.medium ;0.165 ;0.165 ;0.186 ;0.186 ;0.186 ;0.19 ;;0.23;
20120718;linux;c1.xlarge ;0.66 ;0.66 ;0.744 ;0.744 ;0.744 ;0.76 ;;0.92;
20120718;linux;cc1.4xlarge ;1.3 ; ; ; ; ; ;;;
20120718;linux;cc2.8xlarge ;2.4 ;; ;2.7 ; ; ;;;
20120718;linux;cg1.4xlarge ;2.1 ; ; ;; ; ;;;
20120718;linux;hi1.4xlarge ;3.1 ; ; ;3.41 ; ; ;;;
20120718;mswin;m1.small ;0.115 ;0.115 ;0.125 ;0.115 ;0.115 ;0.115 ;;0.15;
20120718;mswin;m1.medium ;0.23 ;0.23 ;0.25 ;0.23 ;0.23 ;0.23 ;;0.3;
20120718;mswin;m1.large ;0.46 ;0.46 ;0.5 ;0.46 ;0.46 ;0.46 ;;0.6;
20120718;mswin;m1.xlarge ;0.92 ;0.92 ;1 ;0.92 ;0.92 ;0.92 ;;1.2;
20120718;mswin;t1.micro ;0.02 ;0.02 ;0.035 ;0.035 ;0.02 ;0.035 ;;0.037;
20120718;mswin;m2.xlarge ;0.57 ;0.57 ;0.626 ;0.57 ;0.57 ;0.57 ;;0.8;
20120718;mswin;m2.2xlarge ;1.14 ;1.14 ;1.252 ;1.14 ;1.14 ;1.14 ;;1.6;
20120718;mswin;m2.4xlarge ;2.28 ;2.28 ;2.504 ;2.28 ;2.28 ;2.28 ;;3.2;
20120718;mswin;c1.medium ;0.285 ;0.285 ;0.306 ;0.285 ;0.285 ;0.285 ;;0.35;
20120718;mswin;c1.xlarge ;1.14 ;1.14 ;1.224 ;1.14 ;1.14 ;1.14 ;;1.4;
20120718;mswin;cc1.4xlarge ;1.61 ; ; ; ; ; ;;;
20120718;mswin;cc2.8xlarge ;2.97 ;; ;2.97 ; ; ;;;
20120718;mswin;cg1.4xlarge ;2.6 ; ; ;; ; ;;;
20120718;mswin;hi1.4xlarge ;3.58 ; ; ;3.58 ; ; ;;;
;;;;;;;;;;;
20120622;linux;m1.small ;0.08 ;0.08 ;0.09 ;0.085 ;0.085 ;0.092 ;;0.115;
20120622;linux;m1.medium ;0.16 ;0.16 ;0.18 ;0.17 ;0.17 ;0.184 ;;0.23;
20120622;linux;m1.large ;0.32 ;0.32 ;0.36 ;0.34 ;0.34 ;0.368 ;;0.46;
20120622;linux;m1.xlarge ;0.64 ;0.64 ;0.72 ;0.68 ;0.68 ;0.736 ;;0.92;
20120622;linux;t1.micro ;0.02 ;0.02 ;0.025 ;0.02 ;0.02 ;0.027 ;;0.027;
20120622;linux;m2.xlarge ;0.45 ;0.45 ;0.506 ;0.506 ;0.506 ;0.518 ;;0.68;
20120622;linux;m2.2xlarge ;0.9 ;0.9 ;1.012 ;1.012 ;1.012 ;1.036 ;;1.36;
20120622;linux;m2.4xlarge ;1.8 ;1.8 ;2.024 ;2.024 ;2.024 ;2.072 ;;2.72;
20120622;linux;c1.medium ;0.165 ;0.165 ;0.186 ;0.186 ;0.186 ;0.19 ;;0.23;
20120622;linux;c1.xlarge ;0.66 ;0.66 ;0.744 ;0.744 ;0.744 ;0.76 ;;0.92;
20120622;linux;cc1.4xlarge ;1.3 ; ; ; ; ; ;;;
20120622;linux;cc2.8xlarge ;2.4 ;; ;2.7 ; ; ;;;
20120622;linux;cg1.4xlarge ;2.1 ; ; ;; ; ;;;
20120622;mswin;m1.small ;0.115 ;0.115 ;0.125 ;0.115 ;0.115 ;0.115 ;;0.15;
20120622;mswin;m1.medium ;0.23 ;0.23 ;0.25 ;0.23 ;0.23 ;0.23 ;;0.3;
20120622;mswin;m1.large ;0.46 ;0.46 ;0.5 ;0.46 ;0.46 ;0.46 ;;0.6;
20120622;mswin;m1.xlarge ;0.92 ;0.92 ;1 ;0.92 ;0.92 ;0.92 ;;1.2;
20120622;mswin;t1.micro ;0.02 ;0.02 ;0.035 ;0.035 ;0.02 ;0.035 ;;0.037;
20120622;mswin;m2.xlarge ;0.57 ;0.57 ;0.626 ;0.57 ;0.57 ;0.57 ;;0.8;
20120622;mswin;m2.2xlarge ;1.14 ;1.14 ;1.252 ;1.14 ;1.14 ;1.14 ;;1.6;
20120622;mswin;m2.4xlarge ;2.28 ;2.28 ;2.504 ;2.28 ;2.28 ;2.28 ;;3.2;
20120622;mswin;c1.medium ;0.285 ;0.285 ;0.306 ;0.285 ;0.285 ;0.285 ;;0.35;
20120622;mswin;c1.xlarge ;1.14 ;1.14 ;1.224 ;1.14 ;1.14 ;1.14 ;;1.4;
20120622;mswin;cc1.4xlarge ;1.61 ; ; ; ; ; ;;;
20120622;mswin;cc2.8xlarge ;2.97 ;; ;2.97 ; ; ;;;
20120622;mswin;cg1.4xlarge ;2.6 ; ; ;; ; ;;;
;;;;;;;;;;;
20120307;linux;m1.small ;0.08 ;0.08 ;0.09 ;0.085 ;0.085 ;0.092 ;;0.115;
20120307;linux;m1.medium ;0.16 ;0.16 ;0.18 ;0.17 ;0.17 ;0.184 ;;0.23;
20120307;linux;m1.large ;0.32 ;0.32 ;0.36 ;0.34 ;0.34 ;0.368 ;;0.46;
20120307;linux;m1.xlarge ;0.64 ;0.64 ;0.72 ;0.68 ;0.68 ;0.736 ;;0.92;
20120307;linux;t1.micro ;0.02 ;0.02 ;0.025 ;0.02 ;0.02 ;0.027 ;;0.027;
20120307;linux;m2.xlarge ;0.45 ;0.45 ;0.506 ;0.506 ;0.506 ;0.518 ;;0.68;
20120307;linux;m2.2xlarge ;0.9 ;0.9 ;1.012 ;1.012 ;1.012 ;1.036 ;;1.36;
20120307;linux;m2.4xlarge ;1.8 ;1.8 ;2.024 ;2.024 ;2.024 ;2.072 ;;2.72;
20120307;linux;c1.medium ;0.165 ;0.165 ;0.186 ;0.186 ;0.186 ;0.19 ;;0.23;
20120307;linux;c1.xlarge ;0.66 ;0.66 ;0.744 ;0.744 ;0.744 ;0.76 ;;0.92;
20120307;linux;cc1.4xlarge ;1.3 ; ; ; ; ; ;;;
20120307;linux;cc2.8xlarge ;2.4 ;; ;; ; ;;;
20120307;linux;cg1.4xlarge ;2.1 ; ; ;; ; ;;;
20120307;mswin;m1.small ;0.115 ;0.115 ;0.125 ;0.115 ;0.115 ;0.115 ;;0.15;
20120307;mswin;m1.medium ;0.23 ;0.23 ;0.25 ;0.23 ;0.23 ;0.23 ;;0.3;
20120307;mswin;m1.large ;0.46 ;0.46 ;0.5 ;0.46 ;0.46 ;0.46 ;;0.6;
20120307;mswin;m1.xlarge ;0.92 ;0.92 ;1 ;0.92 ;0.92 ;0.92 ;;1.2;
20120307;mswin;t1.micro ;0.02 ;0.02 ;0.035 ;0.035 ;0.02 ;0.035 ;;0.037;
20120307;mswin;m2.xlarge ;0.57 ;0.57 ;0.626 ;0.57 ;0.57 ;0.57 ;;0.8;
20120307;mswin;m2.2xlarge ;1.14 ;1.14 ;1.252 ;1.14 ;1.14 ;1.14 ;;1.6;
20120307;mswin;m2.4xlarge ;2.28 ;2.28 ;2.504 ;2.28 ;2.28 ;2.28 ;;3.2;
20120307;mswin;c1.medium ;0.285 ;0.285 ;0.306 ;0.285 ;0.285 ;0.285 ;;0.35;
20120307;mswin;c1.xlarge ;1.14 ;1.14 ;1.224 ;1.14 ;1.14 ;1.14 ;;1.4;
20120307;mswin;cc1.4xlarge ;1.61 ; ; ; ; ; ;;;
20120307;mswin;cc2.8xlarge ;2.97 ;; ;; ; ;;;
20120307;mswin;cg1.4xlarge ;2.6 ; ; ;; ; ;;;
;;;;;;;;;;;
20120305;linux;m1.small ;0.08 ;0.08 ;0.09 ;0.085 ;0.085 ;0.092 ;;0.115;
20120305;linux;m1.large ;0.32 ;0.32 ;0.36 ;0.34 ;0.34 ;0.368 ;;0.46;
20120305;linux;m1.xlarge ;0.64 ;0.64 ;0.72 ;0.68 ;0.68 ;0.736 ;;0.92;
20120305;linux;t1.micro ;0.02 ;0.02 ;0.025 ;0.02 ;0.02 ;0.027 ;;0.027;
20120305;linux;m2.xlarge ;0.45 ;0.45 ;0.506 ;0.506 ;0.506 ;0.518 ;;0.68;
20120305;linux;m2.2xlarge ;0.9 ;0.9 ;1.012 ;1.012 ;1.012 ;1.036 ;;1.36;
20120305;linux;m2.4xlarge ;1.8 ;1.8 ;2.024 ;2.024 ;2.024 ;2.072 ;;2.72;
20120305;linux;c1.medium ;0.165 ;0.165 ;0.186 ;0.186 ;0.186 ;0.19 ;;0.23;
20120305;linux;c1.xlarge ;0.66 ;0.66 ;0.744 ;0.744 ;0.744 ;0.76 ;;0.92;
20120305;linux;cc1.4xlarge ;1.3 ; ; ; ; ; ;;;
20120305;linux;cc2.8xlarge ;2.4 ;; ;; ; ;;;
20120305;linux;cg1.4xlarge ;2.1 ; ; ;; ; ;;;
20120305;mswin;m1.small ;0.115 ;0.115 ;0.125 ;0.115 ;0.115 ;0.115 ;;0.15;
20120305;mswin;m1.large ;0.46 ;0.46 ;0.5 ;0.46 ;0.46 ;0.46 ;;0.6;
20120305;mswin;m1.xlarge ;0.92 ;0.92 ;1 ;0.92 ;0.92 ;0.92 ;;1.2;
20120305;mswin;t1.micro ;0.02 ;0.02 ;0.035 ;0.035 ;0.02 ;0.035 ;;0.037;
20120305;mswin;m2.xlarge ;0.57 ;0.57 ;0.626 ;0.57 ;0.57 ;0.57 ;;0.8;
20120305;mswin;m2.2xlarge ;1.14 ;1.14 ;1.252 ;1.14 ;1.14 ;1.14 ;;1.6;
20120305;mswin;m2.4xlarge ;2.28 ;2.28 ;2.504 ;2.28 ;2.28 ;2.28 ;;3.2;
20120305;mswin;c1.medium ;0.285 ;0.285 ;0.306 ;0.285 ;0.285 ;0.285 ;;0.35;
20120305;mswin;c1.xlarge ;1.14 ;1.14 ;1.224 ;1.14 ;1.14 ;1.14 ;;1.4;
20120305;mswin;cc1.4xlarge ;1.61 ; ; ; ; ; ;;;
20120305;mswin;cc2.8xlarge ;2.97 ;; ;; ; ;;;
20120305;mswin;cg1.4xlarge ;2.6 ; ; ;; ; ;;;
;;;;;;;;;;;
20111214;linux;m1.small;0.085;0.095;0.095;0.095;0.095;0.10;;0.10;
20111214;linux;m1.large;0.34;0.38;0.38;0.38;0.38;0.40;;0.40;
20111214;linux;m1.xlarge;0.68;0.76;0.76;0.76;0.76;0.80;;0.80;
20111214;linux;t1.micro;0.02;0.025;0.025;0.025;0.025;0.027;;0.027;
20111214;linux;m2.xlarge;0.50;0.57;0.57;0.57;0.57;0.60;;0.60;
20111214;linux;m2.2xlarge;1.00;1.14;1.14;1.14;1.14;1.20;;1.20;
20111214;linux;m2.4xlarge;2.00;2.28;2.28;2.28;2.28;2.39;;2.39;
20111214;linux;c1.medium;0.17;0.19;0.19;0.19;0.19;0.20;;0.20;
20111214;linux;c1.xlarge;0.68;0.76;0.76;0.76;0.76;0.80;;0.80;
20111214;linux;cc1.4xlarge;1.30;;;;;;;;
20111214;linux;cc2.8xlarge;2.40;;;;;;;;
20111214;linux;cg1.4xlarge;2.10;;;;;;;;
20111214;mswin;m1.small;0.12;0.13;0.13;0.12;0.12;0.12;;0.12;
20111214;mswin;m1.large;0.48;0.52;0.52;0.48;0.48;0.48;;0.48;
20111214;mswin;m1.xlarge;0.96;1.04;1.04;0.96;0.96;0.96;;0.96;
20111214;mswin;t1.micro;0.03;0.035;0.035;0.035;0.035;0.035;;0.035;
20111214;mswin;m2.xlarge;0.62;0.69;0.69;0.62;0.62;0.62;;0.62;
20111214;mswin;m2.2xlarge;1.24;1.38;1.38;1.24;1.24;1.24;;1.24;
20111214;mswin;m2.4xlarge;2.48;2.76;2.76;2.48;2.48;2.48;;2.48;
20111214;mswin;c1.medium;0.29;0.31;0.31;0.29;0.29;0.29;;0.29;
20111214;mswin;c1.xlarge;1.16;1.24;1.24;1.16;1.16;1.16;;1.16;
20111214;mswin;cc1.4xlarge;1.30;;;;;;;;
20111214;mswin;cc2.8xlarge;2.40;;;;;;;;
20111214;mswin;cg1.4xlarge;2.10;;;;;;;;
;;;;;;;;;;;
20111114;linux;m1.small;0.085;0.095;0.095;0.095;0.095;0.10;;;
20111114;linux;m1.large;0.34;0.38;0.38;0.38;0.38;0.40;;;
20111114;linux;m1.xlarge;0.68;0.76;0.76;0.76;0.76;0.80;;;
20111114;linux;t1.micro;0.02;0.025;0.025;0.025;0.025;0.027;;;
20111114;linux;m2.xlarge;0.50;0.57;0.57;0.57;0.57;0.60;;;
20111114;linux;m2.2xlarge;1.00;1.14;1.14;1.14;1.14;1.20;;;
20111114;linux;m2.4xlarge;2.00;2.28;2.28;2.28;2.28;2.39;;;
20111114;linux;c1.medium;0.17;0.19;0.19;0.19;0.19;0.20;;;
20111114;linux;c1.xlarge;0.68;0.76;0.76;0.76;0.76;0.80;;;
20111114;linux;cc1.4xlarge;1.30;;;;;;;;
20111114;linux;cc2.8xlarge;2.40;;;;;;;;
20111114;linux;cg1.4xlarge;2.10;;;;;;;;
20111114;mswin;m1.small;0.12;0.13;0.13;0.12;0.12;0.12;;;
20111114;mswin;m1.large;0.48;0.52;0.52;0.48;0.48;0.48;;;
20111114;mswin;m1.xlarge;0.96;1.04;1.04;0.96;0.96;0.96;;;
20111114;mswin;t1.micro;0.03;0.035;0.035;0.035;0.035;0.035;;;
20111114;mswin;m2.xlarge;0.62;0.69;0.69;0.62;0.62;0.62;;;
20111114;mswin;m2.2xlarge;1.24;1.38;1.38;1.24;1.24;1.24;;;
20111114;mswin;m2.4xlarge;2.48;2.76;2.76;2.48;2.48;2.48;;;
20111114;mswin;c1.medium;0.29;0.31;0.31;0.29;0.29;0.29;;;
20111114;mswin;c1.xlarge;1.16;1.24;1.24;1.16;1.16;1.16;;;
20111114;mswin;cc1.4xlarge;1.30;;;;;;;;
20111114;mswin;cc2.8xlarge;2.40;;;;;;;;
20111114;mswin;cg1.4xlarge;2.10;;;;;;;;
;;;;;;;;;;;
20111109;linux;m1.small;0.085;0.095;0.095;0.095;0.095;0.10;;;
20111109;linux;m1.large;0.34;0.38;0.38;0.38;0.38;0.40;;;
20111109;linux;m1.xlarge;0.68;0.76;0.76;0.76;0.76;0.80;;;
20111109;linux;t1.micro;0.02;0.025;0.025;0.025;0.025;0.027;;;
20111109;linux;m2.xlarge;0.50;0.57;0.57;0.57;0.57;0.60;;;
20111109;linux;m2.2xlarge;1.00;1.14;1.14;1.14;1.14;1.20;;;
20111109;linux;m2.4xlarge;2.00;2.28;2.28;2.28;2.28;2.39;;;
20111109;linux;c1.medium;0.17;0.19;0.19;0.19;0.19;0.20;;;
20111109;linux;c1.xlarge;0.68;0.76;0.76;0.76;0.76;0.80;;;
20111109;linux;cc1.4xlarge;1.60;;;;;;;;
20111109;linux;cg1.4xlarge;2.10;;;;;;;;
20111109;mswin;m1.small;0.12;0.13;0.13;0.12;0.12;0.12;;;
20111109;mswin;m1.large;0.48;0.52;0.52;0.48;0.48;0.48;;;
20111109;mswin;m1.xlarge;0.96;1.04;1.04;0.96;0.96;0.96;;;
20111109;mswin;t1.micro;0.03;0.035;0.035;0.035;0.035;0.035;;;
20111109;mswin;m2.xlarge;0.62;0.69;0.69;0.62;0.62;0.62;;;
20111109;mswin;m2.2xlarge;1.24;1.38;1.38;1.24;1.24;1.24;;;
20111109;mswin;m2.4xlarge;2.48;2.76;2.76;2.48;2.48;2.48;;;
20111109;mswin;c1.medium;0.29;0.31;0.31;0.29;0.29;0.29;;;
20111109;mswin;c1.xlarge;1.16;1.24;1.24;1.16;1.16;1.16;;;
20111109;mswin;cc1.4xlarge;1.60;;;;;;;;
20111109;mswin;cg1.4xlarge;2.10;;;;;;;;
;;;;;;;;;;;
20110918;linux;m1.small;0.085;;0.095;0.095;0.095;0.10;;;
20110918;linux;m1.large;0.34;;0.38;0.38;0.38;0.40;;;
20110918;linux;m1.xlarge;0.68;;0.76;0.76;0.76;0.80;;;
20110918;linux;t1.micro;0.02;;0.025;0.025;0.025;0.027;;;
20110918;linux;m2.xlarge;0.50;;0.57;0.57;0.57;0.60;;;
20110918;linux;m2.2xlarge;1.00;;1.14;1.14;1.14;1.20;;;
20110918;linux;m2.4xlarge;2.00;;2.28;2.28;2.28;2.39;;;
20110918;linux;c1.medium;0.17;;0.19;0.19;0.19;0.20;;;
20110918;linux;c1.xlarge;0.68;;0.76;0.76;0.76;0.80;;;
20110918;linux;cc1.4xlarge;1.60;;;;;;;;
20110918;linux;cg1.4xlarge;2.10;;;;;;;;
20110918;mswin;m1.small;0.12;;0.13;0.12;0.12;0.12;;;
20110918;mswin;m1.large;0.48;;0.52;0.48;0.48;0.48;;;
20110918;mswin;m1.xlarge;0.96;;1.04;0.96;0.96;0.96;;;
20110918;mswin;t1.micro;0.03;;0.035;0.035;0.035;0.035;;;
20110918;mswin;m2.xlarge;0.62;;0.69;0.62;0.62;0.62;;;
20110918;mswin;m2.2xlarge;1.24;;1.38;1.24;1.24;1.24;;;
20110918;mswin;m2.4xlarge;2.48;;2.76;2.48;2.48;2.48;;;
20110918;mswin;c1.medium;0.29;;0.31;0.29;0.29;0.29;;;
20110918;mswin;c1.xlarge;1.16;;1.24;1.16;1.16;1.16;;;
20110918;mswin;cc1.4xlarge;1.60;;;;;;;;
20110918;mswin;cg1.4xlarge;2.10;;;;;;;;
;;;;;;;;;;;
20110302;linux;m1.small;0.085;;0.095;0.095;0.095;0.10;;;
20110302;linux;m1.large;0.34;;0.38;0.38;0.38;0.40;;;
20110302;linux;m1.xlarge;0.68;;0.76;0.76;0.76;0.80;;;
20110302;linux;t1.micro;0.02;;0.025;0.025;0.025;0.027;;;
20110302;linux;m2.xlarge;0.50;;0.57;0.57;0.57;0.60;;;
20110302;linux;m2.2xlarge;1.00;;1.14;1.14;1.14;1.20;;;
20110302;linux;m2.4xlarge;2.00;;2.28;2.28;2.28;2.39;;;
20110302;linux;c1.medium;0.17;;0.19;0.19;0.19;0.20;;;
20110302;linux;c1.xlarge;0.68;;0.76;0.76;0.76;0.80;;;
20110302;linux;cc1.4xlarge;1.60;;;;;;;;
20110302;linux;cg1.4xlarge;2.10;;;;;;;;
20110302;mswin;m1.small;0.12;;0.13;0.12;0.12;0.12;;;
20110302;mswin;m1.large;0.48;;0.52;0.48;0.48;0.48;;;
20110302;mswin;m1.xlarge;0.96;;1.04;0.96;0.96;0.96;;;
20110302;mswin;t1.micro;0.03;;0.035;0.035;0.035;0.035;;;
20110302;mswin;m2.xlarge;0.62;;0.69;0.62;0.62;0.62;;;
20110302;mswin;m2.2xlarge;1.24;;1.38;1.24;1.24;1.24;;;
20110302;mswin;m2.4xlarge;2.48;;2.76;2.48;2.48;2.48;;;
20110302;mswin;c1.medium;0.29;;0.31;0.29;0.29;0.29;;;
20110302;mswin;c1.xlarge;1.16;;1.24;1.16;1.16;1.16;;;
;;;;;;;;;;;
20111114;linux;m1.small;0.085;;0.095;0.095;0.095;;;;
20111114;linux;m1.large;0.34;;0.38;0.38;0.38;;;;
20111114;linux;m1.xlarge;0.68;;0.76;0.76;0.76;;;;
20111114;linux;t1.micro;0.02;;0.025;0.025;0.025;;;;
20111114;linux;m2.xlarge;0.50;;0.57;0.57;0.57;;;;
20111114;linux;m2.2xlarge;1.00;;1.14;1.14;1.14;;;;
20111114;linux;m2.4xlarge;2.00;;2.28;2.28;2.28;;;;
20111114;linux;c1.medium;0.17;;0.19;0.19;0.19;;;;
20111114;linux;c1.xlarge;0.68;;0.76;0.76;0.76;;;;
20111114;linux;cc1.4xlarge;1.60;;;;;;;;
20111114;linux;cg1.4xlarge;2.10;;;;;;;;
20111114;mswin;m1.small;0.12;;0.13;0.12;0.12;;;;
20111114;mswin;m1.large;0.48;;0.52;0.48;0.48;;;;
20111114;mswin;m1.xlarge;0.96;;1.04;0.96;0.96;;;;
20111114;mswin;t1.micro;0.03;;0.035;0.035;0.035;;;;
20111114;mswin;m2.xlarge;0.62;;0.69;0.62;0.62;;;;
20111114;mswin;m2.2xlarge;1.24;;1.38;1.24;1.24;;;;
20111114;mswin;m2.4xlarge;2.48;;2.76;2.48;2.48;;;;
20111114;mswin;c1.medium;0.29;;0.31;0.29;0.29;;;;
20111114;mswin;c1.xlarge;1.16;;1.24;1.16;1.16;;;;
;;;;;;;;;;;
20100908;linux;m1.small;0.085;;0.095;0.095;0.095;;;;
20100908;linux;m1.large;0.34;;0.38;0.38;0.38;;;;
20100908;linux;m1.xlarge;0.68;;0.76;0.76;0.76;;;;
20100908;linux;t1.micro;0.02;;0.025;0.025;0.025;;;;
20100908;linux;m2.xlarge;0.50;;0.57;0.57;0.57;;;;
20100908;linux;m2.2xlarge;1.00;;1.14;1.14;1.14;;;;
20100908;linux;m2.4xlarge;2.00;;2.28;2.28;2.28;;;;
20100908;linux;c1.medium;0.17;;0.19;0.19;0.19;;;;
20100908;linux;c1.xlarge;0.68;;0.76;0.76;0.76;;;;
20100908;linux;cc1.4xlarge;1.60;;;;;;;;
20100908;mswin;m1.small;0.12;;0.13;0.12;0.12;;;;
20100908;mswin;m1.large;0.48;;0.52;0.48;0.48;;;;
20100908;mswin;m1.xlarge;0.96;;1.04;0.96;0.96;;;;
20100908;mswin;t1.micro;0.03;;0.035;0.035;0.035;;;;
20100908;mswin;m2.xlarge;0.62;;0.69;0.62;0.62;;;;
20100908;mswin;m2.2xlarge;1.24;;1.38;1.24;1.24;;;;
20100908;mswin;m2.4xlarge;2.48;;2.76;2.48;2.48;;;;
20100908;mswin;c1.medium;0.29;;0.31;0.29;0.29;;;;
20100908;mswin;c1.xlarge;1.16;;1.24;1.16;1.16;;;;
;;;;;;;;;;;
20100901;linux;m1.small;0.085;;0.095;0.095;0.095;;;;
20100901;linux;m1.large;0.34;;0.38;0.38;0.38;;;;
20100901;linux;m1.xlarge;0.68;;0.76;0.76;0.76;;;;
20100901;linux;t1.micro;0.02;;0.025;0.025;0.025;;;;
20100901;linux;m2.xlarge;0.50;;0.57;0.57;0.57;;;;
20100901;linux;m2.2xlarge;1.00;;1.14;1.14;1.14;;;;
20100901;linux;m2.4xlarge;2.00;;2.28;2.28;2.28;;;;
20100901;linux;c1.medium;0.17;;0.19;0.19;0.19;;;;
20100901;linux;c1.xlarge;0.68;;0.76;0.76;0.76;;;;
20100901;linux;cc1.4xlarge;1.60;;;;;;;;
20100901;mswin;m1.small;0.12;;0.13;0.12;0.12;;;;
20100901;mswin;m1.large;0.48;;0.52;0.48;0.48;;;;
20100901;mswin;m1.xlarge;0.96;;1.04;0.96;0.96;;;;
20100901;mswin;m2.xlarge;0.62;;0.69;0.62;0.62;;;;
20100901;mswin;m2.2xlarge;1.24;;1.38;1.24;1.24;;;;
20100901;mswin;m2.4xlarge;2.48;;2.76;2.48;2.48;;;;
20100901;mswin;c1.medium;0.29;;0.31;0.29;0.29;;;;
20100901;mswin;c1.xlarge;1.16;;1.24;1.16;1.16;;;;
;;;;;;;;;;;
20100712;linux;m1.small;0.085;;0.095;0.095;0.095;;;;
20100712;linux;m1.large;0.34;;0.38;0.38;0.38;;;;
20100712;linux;m1.xlarge;0.68;;0.76;0.76;0.76;;;;
20100712;linux;m2.xlarge;0.50;;0.57;0.57;0.57;;;;
20100712;linux;m2.2xlarge;1.20;;1.34;1.34;1.34;;;;
20100712;linux;m2.4xlarge;2.40;;2.68;2.68;2.68;;;;
20100712;linux;c1.medium;0.17;;0.19;0.19;0.19;;;;
20100712;linux;c1.xlarge;0.68;;0.76;0.76;0.76;;;;
20100712;linux;cc1.4xlarge;1.60;;;;;;;;
20100712;mswin;m1.small;0.12;;0.13;0.12;0.12;;;;
20100712;mswin;m1.large;0.48;;0.52;0.48;0.48;;;;
20100712;mswin;m1.xlarge;0.96;;1.04;0.96;0.96;;;;
20100712;mswin;m2.xlarge;0.62;;0.69;0.62;0.62;;;;
20100712;mswin;m2.2xlarge;1.44;;1.58;1.44;1.44;;;;
20100712;mswin;m2.4xlarge;2.88;;3.16;2.88;2.88;;;;
20100712;mswin;c1.medium;0.29;;0.31;0.29;0.29;;;;
20100712;mswin;c1.xlarge;1.16;;1.24;1.16;1.16;;;;
;;;;;;;;;;;
20100428;linux;m1.small;0.085;;0.095;0.095;0.095;;;;
20100428;linux;m1.large;0.34;;0.38;0.38;0.38;;;;
20100428;linux;m1.xlarge;0.68;;0.76;0.76;0.76;;;;
20100428;linux;m2.xlarge;0.50;;0.57;0.57;0.57;;;;
20100428;linux;m2.2xlarge;1.20;;1.34;1.34;1.34;;;;
20100428;linux;m2.4xlarge;2.40;;2.68;2.68;2.68;;;;
20100428;linux;c1.medium;0.17;;0.19;0.19;0.19;;;;
20100428;linux;c1.xlarge;0.68;;0.76;0.76;0.76;;;;
20100428;mswin;m1.small;0.12;;0.13;0.12;0.12;;;;
20100428;mswin;m1.large;0.48;;0.52;0.48;0.48;;;;
20100428;mswin;m1.xlarge;0.96;;1.04;0.96;0.96;;;;
20100428;mswin;m2.xlarge;0.62;;0.69;0.62;0.62;;;;
20100428;mswin;m2.2xlarge;1.44;;1.58;1.44;1.44;;;;
20100428;mswin;m2.4xlarge;2.88;;3.16;2.88;2.88;;;;
20100428;mswin;c1.medium;0.29;;0.31;0.29;0.29;;;;
20100428;mswin;c1.xlarge;1.16;;1.24;1.16;1.16;;;;
;;;;;;;;;;;
20100222;linux;m1.small;0.085;;0.095;0.095;;;;;
20100222;linux;m1.large;0.34;;0.38;0.38;;;;;
20100222;linux;m1.xlarge;0.68;;0.76;0.76;;;;;
20100222;linux;m2.xlarge;0.50;;0.57;0.57;;;;;
20100222;linux;m2.2xlarge;1.20;;1.34;1.34;;;;;
20100222;linux;m2.4xlarge;2.40;;2.68;2.68;;;;;
20100222;linux;c1.medium;0.17;;0.19;0.19;;;;;
20100222;linux;c1.xlarge;0.68;;0.76;0.76;;;;;
20100222;mswin;m1.small;0.12;;0.13;0.12;;;;;
20100222;mswin;m1.large;0.48;;0.52;0.48;;;;;
20100222;mswin;m1.xlarge;0.96;;1.04;0.96;;;;;
20100222;mswin;m2.xlarge;0.62;;0.69;0.62;;;;;
20100222;mswin;m2.2xlarge;1.44;;1.58;1.44;;;;;
20100222;mswin;m2.4xlarge;2.88;;3.16;2.88;;;;;
20100222;mswin;c1.medium;0.29;;0.31;0.29;;;;;
20100222;mswin;c1.xlarge;1.16;;1.24;1.16;;;;;
;;;;;;;;;;;
20091203;linux;m1.small;0.085;;0.095;0.095;;;;;
20091203;linux;m1.large;0.34;;0.38;0.38;;;;;
20091203;linux;m1.xlarge;0.68;;0.76;0.76;;;;;
20091203;linux;m2.2xlarge;1.20;;1.34;1.34;;;;;
20091203;linux;m2.4xlarge;2.40;;2.68;2.68;;;;;
20091203;linux;c1.medium;0.17;;0.19;0.19;;;;;
20091203;linux;c1.xlarge;0.68;;0.76;0.76;;;;;
20091203;mswin;m1.small;0.12;;0.13;0.12;;;;;
20091203;mswin;m1.large;0.48;;0.52;0.48;;;;;
20091203;mswin;m1.xlarge;0.96;;1.04;0.96;;;;;
20091203;mswin;m2.2xlarge;1.44;;1.58;1.44;;;;;
20091203;mswin;m2.4xlarge;2.88;;3.16;2.88;;;;;
20091203;mswin;c1.medium;0.29;;0.31;0.29;;;;;
20091203;mswin;c1.xlarge;1.16;;1.24;1.16;;;;;
;;;;;;;;;;;
20091101;linux;m1.small;0.085;;;0.095;;;;;
20091101;linux;m1.large;0.34;;;0.38;;;;;
20091101;linux;m1.xlarge;0.68;;;0.76;;;;;
20091101;linux;m2.2xlarge;1.20;;;1.34;;;;;
20091101;linux;m2.4xlarge;2.40;;;2.68;;;;;
20091101;linux;c1.medium;0.17;;;0.19;;;;;
20091101;linux;c1.xlarge;0.68;;;0.76;;;;;
20091101;mswin;m1.small;0.12;;;0.13;;;;;
20091101;mswin;m1.large;0.48;;;0.52;;;;;
20091101;mswin;m1.xlarge;0.96;;;1.04;;;;;
20091101;mswin;m2.2xlarge;1.44;;;1.58;;;;;
20091101;mswin;m2.4xlarge;2.88;;;3.16;;;;;
20091101;mswin;c1.medium;0.29;;;0.31;;;;;
20091101;mswin;c1.xlarge;1.16;;;1.24;;;;;
;;;;;;;;;;;
20091026;linux;m1.small;0.085;;;0.095;;;;;
20091026;linux;m1.large;0.34;;;0.38;;;;;
20091026;linux;m1.xlarge;0.68;;;0.76;;;;;
20091026;linux;m2.2xlarge;1.20;;;1.34;;;;;
20091026;linux;m2.4xlarge;2.40;;;2.68;;;;;
20091026;linux;c1.medium;0.17;;;0.19;;;;;
20091026;linux;c1.xlarge;0.68;;;0.76;;;;;
20091026;mswin;m1.small;0.12;;;0.13;;;;;
20091026;mswin;m1.large;0.48;;;0.52;;;;;
20091026;mswin;m1.xlarge;0.96;;;1.04;;;;;
20091026;mswin;m2.2xlarge;1.44;;;1.58;;;;;
20091026;mswin;m2.4xlarge;2.88;;;3.16;;;;;
20091026;mswin;c1.medium;0.29;;;0.31;;;;;
20091026;mswin;c1.xlarge;1.16;;;1.24;;;;;
;;;;;;;;;;;
20090303;linux;m1.small;0.10;;;0.11;;;;;
20090303;linux;m1.large;0.40;;;0.44;;;;;
20090303;linux;m1.xlarge;0.80;;;0.88;;;;;
20090303;linux;c1.medium;0.20;;;0.22;;;;;
20090303;linux;c1.xlarge;0.80;;;0.88;;;;;
20090303;mswin;m1.small;0.125;;;0.135;;;;;
20090303;mswin;m1.large;0.50;;;0.54;;;;;
20090303;mswin;m1.xlarge;1.00;;;1.08;;;;;
20090303;mswin;c1.medium;0.30;;;0.32;;;;;
20090303;mswin;c1.xlarge;1.20;;;1.28;;;;;
;;;;;;;;;;;
20081210;linux;m1.small;0.10;;;0.11;;;;;
20081210;linux;m1.large;0.40;;;0.44;;;;;
20081210;linux;m1.xlarge;0.80;;;0.88;;;;;
20081210;linux;c1.medium;0.20;;;0.22;;;;;
20081210;linux;c1.xlarge;0.80;;;0.88;;;;;
20081210;mswin;m1.small;0.125;;;;;;;;
20081210;mswin;m1.large;0.50;;;;;;;;
20081210;mswin;m1.xlarge;1.00;;;;;;;;
20081210;mswin;c1.medium;0.30;;;;;;;;
20081210;mswin;c1.xlarge;1.20;;;;;;;;
;;;;;;;;;;;
20080808;linux;m1.small;0.10;;;;;;;;
20080808;linux;m1.large;0.40;;;;;;;;
20080808;linux;m1.xlarge;0.80;;;;;;;;
20080808;linux;c1.medium;0.20;;;;;;;;
20080808;linux;c1.xlarge;0.80;;;;;;;;
20080808;mswin;m1.small;0.125;;;;;;;;
20080808;mswin;m1.large;0.50;;;;;;;;
20080808;mswin;m1.xlarge;1.00;;;;;;;;
20080808;mswin;c1.medium;0.30;;;;;;;;
20080808;mswin;c1.xlarge;1.20;;;;;;;;
;;;;;;;;;;;
20080529;linux;m1.small;0.10;;;;;;;;
20080529;linux;m1.large;0.40;;;;;;;;
20080529;linux;m1.xlarge;0.80;;;;;;;;
20080529;linux;c1.medium;0.20;;;;;;;;
20080529;linux;c1.xlarge;0.80;;;;;;;;
;;;;;;;;;;;
20071016;linux;m1.small;0.10;;;;;;;;
20071016;linux;m1.large;0.40;;;;;;;;
20071016;linux;m1.xlarge;0.80;;;;;;;;
;;;;;;;;;;;
20060823;linux;m1.small;0.10;;;;;;;;
